"v t e Microblogging","v t e Microblogging","v t e Microblogging"
"Websites","Facebook Twitter Tumblr LinkedIn Sina Weibo Diaspora Edmodo Fanfou Gab Gettr Identi.ca micro.blog migme Myspace Parler Plurk Qzone Solaborate Truth Social Viadeo VK XING","Facebook Twitter Tumblr LinkedIn Sina Weibo Diaspora Edmodo Fanfou Gab Gettr Identi.ca micro.blog migme Myspace Parler Plurk Qzone Solaborate Truth Social Viadeo VK XING"
"Defunct","App.net Google Buzz Google+ Heello Jaiku Meme Me2day Natter Posterous Pownce Qaiku Tencent Weibo Tout","App.net Google Buzz Google+ Heello Jaiku Meme Me2day Natter Posterous Pownce Qaiku Tencent Weibo Tout"
"Platforms","OStatus , URL: /wiki/OStatus
","Friendica GNU social PeerTube"
"Platforms","ActivityPub , URL: /wiki/ActivityPub
","Friendica GNU social PeerTube Mastodon"
"Features","Reblogging Activity stream Lifestreaming Hashtag Backchannel Mention/Replies","Reblogging Activity stream Lifestreaming Hashtag Backchannel Mention/Replies"
"Other topics","Microblogging in China Microblogging novel Micropoetry","Microblogging in China Microblogging novel Micropoetry"
"Comparison of microblogging services","Comparison of microblogging services","Comparison of microblogging services"
