"v t e Display technology","v t e Display technology","v t e Display technology"
"Video displays , URL: /wiki/Display_device#video_display
","Past generation","Eidophor Cathode-ray tube (CRT) Jumbotron Electroluminescent display (ELD) Plasma display panel (PDP) ALiS"
"Video displays , URL: /wiki/Display_device#video_display
","Current generation","Quantum dot display (QLED) Organic light-emitting diode (OLED) AMOLED Electronic paper E Ink Gyricon Light emitting diode display (LED) Liquid-crystal display (LCD) TFT TN IPS LED Blue Phase Digital Light Processing (DLP) Liquid crystal on silicon (LCoS)"
"Video displays , URL: /wiki/Display_device#video_display
","Next generation , URL: /wiki/Next_generation_of_display_technology
","microLED Electroluminescent Quantum Dots (ELQD/QD-LED) Organic light-emitting transistor (OLET) Surface-conduction electron-emitter display (SED) Field-emission display (FED) Laser TV Quantum dot Liquid crystal MEMS display IMoD TMOS Ferroelectric liquid crystal display (FLCD) Thick-film dielectric electroluminescent technology (TDEL) Telescopic pixel display (TPD) Laser-powered phosphor display (LPD)"
"Non-video","Electromechanical Flip-dot Split-flap Vane Eggcrate Fiber-optic Nixie tube Vacuum fluorescent display (VFD) Light-emitting electrochemical cell (LEC) Lightguide display Dot-matrix display Seven-segment display (SSD) Eight-segment display Nine-segment display Fourteen-segment display (FSD) Sixteen-segment display (SISD)","Electromechanical Flip-dot Split-flap Vane Eggcrate Fiber-optic Nixie tube Vacuum fluorescent display (VFD) Light-emitting electrochemical cell (LEC) Lightguide display Dot-matrix display Seven-segment display (SSD) Eight-segment display Nine-segment display Fourteen-segment display (FSD) Sixteen-segment display (SISD)"
"3D display , URL: /wiki/Stereo_display
","Stereoscopic Autostereoscopic Multiscopic Hologram Holographic display Computer-generated holography Volumetric Fog display","Stereoscopic Autostereoscopic Multiscopic Hologram Holographic display Computer-generated holography Volumetric Fog display"
"Static media","Monoscope Movie projector Neon sign Slide projector Transparency Laser beam","Monoscope Movie projector Neon sign Slide projector Transparency Laser beam"
"Display capabilities","EDID CEA-861 DisplayID Always on Display See-through display","EDID CEA-861 DisplayID Always on Display See-through display"
"Related articles","History of display technology Large-screen television technology Optimum HDTV viewing distance High Dynamic Range (HDR) Color Light Output Flexible display Multi-exposure HDR capture Comparison of CRT, LCD, plasma, and OLED displays","History of display technology Large-screen television technology Optimum HDTV viewing distance High Dynamic Range (HDR) Color Light Output Flexible display Multi-exposure HDR capture Comparison of CRT, LCD, plasma, and OLED displays"
"Comparison of display technology","Comparison of display technology","Comparison of display technology"
