"Model","Memory , URL: /wiki/DIMM
","Memory Max","HDD , URL: /wiki/Hard_disk_drive
SSD , URL: /wiki/Solid-state_drive
","HDD/SSD bays","Expansion , URL: /wiki/Expansion_card
"
"Mac Mini , URL: /wiki/Mac_Mini
","No","16 GB","No","1","No"
"iMac , URL: /wiki/IMac_(Apple_silicon)
","No","16 GB","No","1","No"
"Mac Studio , URL: /wiki/Mac_Studio
","No","128 GB","No","None","No"
"Mac Pro , URL: /wiki/Mac_Pro
","12","1.5 TB","No","2","8"
"MacBook Air , URL: /wiki/MacBook_Air
","No","16 GB","No","None","No"
"MacBook Pro 13""","No","16 GB","No","None","No"
"MacBook Pro 14""","No","64 GB","No","None","No"
"MacBook Pro 16""","No","64 GB","No","None","No"
