"v t e Firewall software","v t e Firewall software","v t e Firewall software"
"Application firewall Context-based access control Personal firewall Stateful firewall Virtual firewall","Application firewall Context-based access control Personal firewall Stateful firewall Virtual firewall","Application firewall Context-based access control Personal firewall Stateful firewall Virtual firewall"
"Linux , URL: /wiki/Linux
","Apps","FireHOL Firestarter firewalld Netfilter ipset iptables NuFW MoBlock nftables Privoxy Shorewall Squid Uncomplicated Firewall"
"Linux , URL: /wiki/Linux
","Distros , URL: /wiki/Linux_distribution
","Endian Firewall IPFire LEDE OpenWrt SmoothWall Zeroshell"
"BSD , URL: /wiki/BSD
","Apps","IPFilter ipfirewall NPF PF pfsync"
"BSD , URL: /wiki/BSD
","Distros","M0n0wall OPNsense pfSense SmallWall"
"macOS , URL: /wiki/MacOS
","Little Snitch NetBarrier X4 PeerGuardian VirusBarrier X6","Little Snitch NetBarrier X4 PeerGuardian VirusBarrier X6"
"Windows , URL: /wiki/Microsoft_Windows
","Commercial","Check Point Integrity Kaspersky Internet Security McAfee Personal Firewall Plus Microsoft Forefront Threat Management Gateway Norton 360 Norton Internet Security Norton Personal Firewall Outpost Firewall Pro Symantec Endpoint Protection Trend Micro Internet Security Windows Firewall Windows Live OneCare WinGate WinRoute"
"Windows , URL: /wiki/Microsoft_Windows
","Freemium , URL: /wiki/Freemium
","Comodo Internet Security ZoneAlarm"
"Windows , URL: /wiki/Microsoft_Windows
","Open-source","PeerBlock PeerGuardian"
"Appliances , URL: /wiki/Computer_appliance
","Palo Alto PA-Series F5 BIG-IP iSeries FortiGate Series Novell BorderManager Vyatta ZoneAlarm Z100G Zorp firewall","Palo Alto PA-Series F5 BIG-IP iSeries FortiGate Series Novell BorderManager Vyatta ZoneAlarm Z100G Zorp firewall"
"Comparison of firewalls List of router or firewall distributions","Comparison of firewalls List of router or firewall distributions","Comparison of firewalls List of router or firewall distributions"
