"Feature","VC-1 , URL: /wiki/VC-1
","H.264 , URL: /wiki/H.264
"
"Partition sizes","16×16 and 8×8[9]","16×16, 16×8, 8×16, 8×8, 8×4, 4×8, and 4×4"
"Integer transform , URL: /w/index.php?title=Integer_transform&action=edit&redlink=1
","8×8, 4×8, 8×4, and 4×4","4×4; 8×8 available in High Profile only"
"Frame , URL: /wiki/Film_frame#Video_frames
","Used for progressive or interlaced content","Used for progressive or interlaced content"
"Macroblock , URL: /wiki/Macroblock
","16×16 only","16×16 only"
"Motion vector","reference frame , URL: /wiki/Reference_frame_(video)
","reference frame , URL: /wiki/Reference_frame_(video)
"
"Picture","A field or frame","A field or frame"
"Skipped macroblock","No data is encoded for macroblock","No data is encoded for macroblock"
