"Nation","Multi-satellite simultaneous launches","Launch of foreign satellite","Geostationary launches","Atmos- pheric reentry , URL: /wiki/Atmospheric_reentry
","Rendezvous dockings , URL: /wiki/Space_rendezvous
","Satellite navigation system , URL: /wiki/Global_navigation_satellite_system
","Data relay satellites , URL: /wiki/TDRS
","Martian missions , URL: /wiki/Exploration_of_Mars
","Solar Space Missions , URL: /wiki/Category:Missions_to_the_Sun
","Space observatories , URL: /wiki/Space_observatory
"
"China , URL: /wiki/China
","FB-1 , URL: /wiki/Feng_Bao_1
","1990 CZ-2E science satellite","Dong Fang Hong 02 , URL: /wiki/Dong_Fang_Hong_02
CZ-3 , URL: /wiki/Long_March_3
","FSW , URL: /wiki/Fanhui_Shi_Weixing
","Tiangong 1 , URL: /wiki/Tiangong_1
","Beidou , URL: /wiki/Beidou_navigation_system
","Tianlian I , URL: /wiki/Tianlian_I
","Tianwen-1 , URL: /wiki/Tianwen-1
Zhurong (rover) , URL: /wiki/Zhurong_(rover)
","Solar Space Telescope , URL: /wiki/Solar_Space_Telescope
","Dark Matter Particle Explorer , URL: /wiki/Dark_Matter_Particle_Explorer
"
"India , URL: /wiki/India
","PSLV-CA , URL: /wiki/Polar_Satellite_Launch_Vehicle
","PSLV-C2 , URL: /wiki/PSLV-C2
Kitsat-3 , URL: /wiki/Kitsat-3
DLR-Tubsat , URL: /wiki/DLR-Tubsat
","Kalpana-1 , URL: /wiki/Kalpana-1
PSLV , URL: /wiki/PSLV
","SRE-1 , URL: /wiki/Space_Capsule_Recovery_Experiment
","SPADEX , URL: /wiki/SPADEX
","IRNSS , URL: /wiki/Indian_Regional_Navigational_Satellite_System
","IDRSS , URL: /wiki/Indian_Data_Relay_Satellite_System
","Mangalyaan , URL: /wiki/Mangalyaan
","Aditya-L1 , URL: /wiki/Aditya-L1
","Astrosat , URL: /wiki/Astrosat
"
"Japan , URL: /wiki/Japan
","H-I , URL: /wiki/H-I
","FedSat , URL: /wiki/FedSat
","ETS-II , URL: /w/index.php?title=ETS-II&action=edit&redlink=1
N-I , URL: /wiki/N-I_(rocket)
","OREX , URL: /wiki/OREX
","ETS-VII , URL: /wiki/ETS-VII
","QZSS , URL: /wiki/Quasi-Zenith_Satellite_System
","Kodama , URL: /wiki/Special:WhatLinksHere/Kodama_(satellite)
","Nozomi , URL: /wiki/Nozomi_(probe)
","Taiyo , URL: /wiki/Institute_of_Space_and_Astronautical_Science
","Hakucho , URL: /wiki/Hakucho
"
