"Program","Developer","License , URL: /wiki/Software_license
","Supported file systems","platforms , URL: /wiki/Platform_(computing)
","GUI , URL: /wiki/GUI
","CLI , URL: /wiki/Command-line_interface
","Script , URL: /wiki/Scripting_language
","Scheduler","Boot time , URL: /wiki/Defragmentation#Offline_defragmentation
","Auto defrag when idle","Stable release , URL: /wiki/Software_release_life_cycle
"
"Auslogics Disk Defrag , URL: /wiki/Auslogics_Disk_Defrag
","Auslogics","Freeware , URL: /wiki/Freeware
","FAT16 , URL: /wiki/FAT16B
FAT32 , URL: /wiki/FAT32
","Windows XP , URL: /wiki/Windows_XP
","Yes","Yes","","Yes","Yes","Yes","9.5.0.2 (Free), 4.11.0.7 (Ultimate) (unknown date (unknown date) (Free), March 3, 2020 (2020-03-03) (Ultimate)) [±]"
"AVG PC TuneUp , URL: /wiki/AVG_PC_TuneUp
","AVG Technologies","Trialware , URL: /wiki/Trialware
","","","","","","","","","2015 (v15.0.1001.238) (November 30, 2014)"
"Contig , URL: /wiki/Contig_(defragmentation_utility)
","Microsoft , URL: /wiki/Microsoft
","Freeware , URL: /wiki/Freeware
","NTFS","Windows XP , URL: /wiki/Windows_XP
Windows Server 2003 , URL: /wiki/Windows_Server_2003
","No[1]","Yes","No","Windows Task Scheduler , URL: /wiki/Windows_Task_Scheduler
","No","Windows Task Scheduler , URL: /wiki/Windows_Task_Scheduler
","1.8 (July 4, 2016)[1]"
"Defraggler , URL: /wiki/Defraggler
","Piriform , URL: /wiki/Piriform_(company)
","Freeware , URL: /wiki/Freeware
","exFAT , URL: /wiki/ExFAT
","Windows XP , URL: /wiki/Windows_XP
","Yes","Yes","No","Windows Task Scheduler , URL: /wiki/Windows_Task_Scheduler
","Yes","Windows Task Scheduler , URL: /wiki/Windows_Task_Scheduler
","2.22.995 [4] (May 22, 2018 (2018-05-22)) [±]"
"Drive Optimizer , URL: /wiki/Microsoft_Drive_Optimizer
","Microsoft , URL: /wiki/Microsoft
","Microsoft Windows , URL: /wiki/Microsoft_Windows
","FAT16, FAT32, NTFS, ReFS","Windows 2000 , URL: /wiki/Windows_2000
Windows 95 , URL: /wiki/Windows_95
","Yes","Yes","Yes","Windows Task Scheduler , URL: /wiki/Windows_Task_Scheduler
","No","No","Same as Windows"
"Diskeeper , URL: /wiki/Diskeeper
","Condusiv Technologies , URL: /wiki/Condusiv_Technologies
","trialware , URL: /wiki/Trialware
","FAT16, FAT32, NTFS","Windows XP and later","Yes[5]","Yes[6]","Yes[7]","Yes[c]","Yes[8]","Yes","2020 (20.0.1302) (March 23, 2020 (2020-03-23)) [±]"
"JkDefrag , URL: /wiki/JkDefrag
","Jeroen Kessels","GNU GPL , URL: /wiki/GNU_GPL
","FAT & NTFS","Windows 2000, Windows XP, Windows Vista","Yes","Yes","","","","","3.36.0.2 / August 31, 2008"
"O&O Defrag , URL: /wiki/O%26O_Defrag
","O&O Software","Trialware , URL: /wiki/Trialware
","FAT16, FAT32, NTFS, exFAT","Windows 2000, XP, Vista, Server 2008, 7, and 8","Yes","Yes","","Yes","Yes","Yes","25.0.7210 (September 14, 2021) [±]"
"PageDefrag , URL: /wiki/PageDefrag
","Microsoft , URL: /wiki/Microsoft
","Freeware , URL: /wiki/Freeware
","FAT16, FAT32, NTFS","Windows 2000, XP","No","No","No","No","Yes","No",""
"PerfectDisk , URL: /wiki/PerfectDisk
","Raxco , URL: /wiki/Raxco
","Trialware , URL: /wiki/Trialware
","FAT16, FAT32, exFAT, NTFS, ReFS* and CSVFS[9]","Windows XP SP3 or higher (x86, x64), Windows 10, Windows Server 2003 SP1, Windows Server 2019[9]","Yes","Enterprise Console edition only","","Yes","Yes","Yes","PerfectDisk 14 Build 894(May 2, 2019)[10]"
"UltimateDefrag , URL: /wiki/UltimateDefrag
","DiskTrix","Trialware , URL: /wiki/Trialware
","FAT32, NTFS","Windows XP and later","Yes","Yes","","Yes","Yes","","6.1.2.0 (28 July 2021)"
"UltraDefrag , URL: /wiki/UltraDefrag
","Dmitri Arkhangelski, Justin Dearing, Sayem Chaklader, Stefan Pendl","Commercial software , URL: /wiki/Commercial_software
GNU GPL , URL: /wiki/Free_software
","FAT12 , URL: /wiki/FAT12
","Windows NT 4.0 and later","Yes","Yes","Yes[d][13]","Windows Task Scheduler , URL: /wiki/Windows_Task_Scheduler
","Yes","Windows Task Scheduler , URL: /wiki/Windows_Task_Scheduler
","9.0.1 (October 20, 2019; 2 years ago (2019-10-20)) [±], Open source version discontinued[14]"
"Vopt , URL: /wiki/Vopt
","GoldenBow (or DataTuna)[15]","freeware , URL: /wiki/Freeware
","FAT32, NTFS","Windows 2000 and later","Yes","","","Yes","","","9.21.0001 (November 14, 2010 (2010-11-14)) [±]"
"Program","Developer","License","Supported file systems","Supported platforms","GUI","CLI","Script","Scheduler","Boot time","Auto defrag when idle","Stable release"
