"Model","Launch","Code name , URL: /wiki/Code_name
","Process","Transistors (billion)","Die size (mm2)","Bus , URL: /wiki/Computer_bus
interface , URL: /wiki/I/O_interface
","L2 , URL: /wiki/GPU_cache
","Core config","Clock speeds","Clock speeds","MT/s , URL: /wiki/Transfer_(computing)
","Fillrate , URL: /wiki/Fillrate
","Fillrate , URL: /wiki/Fillrate
","Memory","Memory","Memory","Memory","API , URL: /wiki/Application_programming_interface
","API , URL: /wiki/Application_programming_interface
","API , URL: /wiki/Application_programming_interface
","GFLOPS , URL: /wiki/FLOPS
","GFLOPS , URL: /wiki/FLOPS
","GFLOPS , URL: /wiki/FLOPS
","GFLOPS , URL: /wiki/FLOPS
","TDP , URL: /wiki/Thermal_Design_Power
"
"Model","Launch","Code name , URL: /wiki/Code_name
","Process","Transistors (billion)","Die size (mm2)","Bus , URL: /wiki/Computer_bus
interface , URL: /wiki/I/O_interface
","L2 , URL: /wiki/GPU_cache
","Core config","MHz , URL: /wiki/Hertz
","MHz , URL: /wiki/Hertz
","MT/s , URL: /wiki/Transfer_(computing)
","GP , URL: /wiki/Pixel
","GT , URL: /wiki/Texel_(graphics)
","GB , URL: /wiki/Gigabyte
","GB , URL: /wiki/Gigabyte
","Bus type","bit , URL: /wiki/Bit
","DirectX , URL: /wiki/DirectX
","OpenGL , URL: /wiki/OpenGL
","OpenCL , URL: /wiki/OpenCL
","Vulkan , URL: /wiki/Vulkan_(API)
","Single precision , URL: /wiki/Single_precision_floating-point_format
","Double precision , URL: /wiki/Double_precision_floating-point_format
","Half precision , URL: /wiki/Half_precision_floating-point_format
","TDP , URL: /wiki/Thermal_Design_Power
"
"GeForce GTX 1650 (Laptop)","April 23, 2019","TU117","TSMC , URL: /wiki/TSMC
","4.7","200","PCIe 3.0 x16","1.0","1024:64:32","1395","1560","8000","49.92","99.84","4","128","GDDR5","128","12 (12_1)","4.6","3.0","1.2","3195","99.84[219]","6390","50"
"GeForce GTX 1650 Max-Q","April 23, 2019","TU117(N18P-G0-MP-A1)","TSMC , URL: /wiki/TSMC
","4.7","200","PCIe 3.0 x16","1.0","1024:64:32","1020","1245","8000","39.84","79.68","4","112","GDDR5","128","12 (12_1)","4.6","3.0","1.2","2550","79.68[220]","5100","30"
"GeForce GTX 1650 Ti Max-Q","April 2, 2020","TU117","TSMC , URL: /wiki/TSMC
","4.7","200","PCIe 3.0 x16","1.0","1024:64:32","1035","1200","12000","38.4","76.8","4","192","GDDR6","128","12 (12_1)","4.6","3.0","1.2","2458","76.8","4915","35"
"GeForce GTX 1650 Ti","April 2, 2020","TU117(N18P-G62-A1)","TSMC , URL: /wiki/TSMC
","4.7","200","PCIe 3.0 x16","1.0","1024:64:32","1350","1485","12000","47.52","95.04","4","192","GDDR6","128","12 (12_1)","4.6","3.0","1.2","3041","95.04","6083","55"
"GeForce GTX 1660 (Laptop)","?","TU116","TSMC , URL: /wiki/TSMC
","6.6","284","PCIe 3.0 x16","1.5","1408:88:48","1455","1599","16000","76.32","127.2","6","384","GDDR6","192","12 (12_1)","4.6","3.0","1.2","4070","127.2[221]","8141","?"
"GeForce GTX 1660 Ti Max-Q","April 23, 2019","TU116","TSMC , URL: /wiki/TSMC
","6.6","284","PCIe 3.0 x16","1.5","1536:96:46","1140","1335","12000","64.08","128.2","6","288","GDDR6","192","12 (12_1)","4.6","3.0","1.2","4101","128.2[222]","8202","60"
"GeForce GTX 1660 Ti (Laptop)[223]","April 23, 2019","TU116","TSMC , URL: /wiki/TSMC
","6.6","284","PCIe 3.0 x16","1.5","1536:96:46","1455","1590","12000","76.32","152.6","6","288","GDDR6","192","12 (12_1)","4.6","3.0","1.2","4884","152.6[224]","9769","80"
